{"cameraMode":{"drawMode":0,"name":"Shaded","section":"Shading Mode"},"sceneLighting":false,"audioPlay":false,"sceneViewState":{"showFog":false,"showMaterialUpdate":false,"showSkybox":false,"showFlares":false,"showImageEffects":false,"showParticleSystems":true},"in2DMode":false,"pivot":{"x":216.48541259765626,"y":70.60664367675781,"z":65.05094146728516},"rotation":{"x":-0.42222902178764346,"y":0.0016463366337120534,"z":-0.0007651892956346273,"w":-0.9064874649047852},"size":298.3927001953125,"orthographic":false}